模块,测试类,用例数,类型
模块1 登录/JWT/安全,JwtTokenProviderTest,10,单元
模块1 登录/JWT/安全,JwtAuthenticationFilterTest,5,单元
模块1 登录/JWT/安全,CustomUserDetailsServiceTest,4,单元
模块1 登录/JWT/安全,UserPrincipalTest,4,单元
模块1 登录/JWT/安全,CurrentUserProviderTest,5,单元
模块1 登录/JWT/安全,RestAuthenticationEntryPointTest,1,单元
模块1 登录/JWT/安全,RestAccessDeniedHandlerTest,1,单元
模块1 登录/JWT/安全,AuthServiceImplTest,7,单元
模块1 登录/JWT/安全,AuthControllerTest,5,MockMvc
模块1 登录/JWT/安全,DemoUserSeederTest,4,单元
模块2 RBAC,RoleGuardTest,9,单元
模块3 异常/通用组件,ApiResponseTest,6,JSON序列化
模块3 异常/通用组件,ErrorCodeTest,2,单元
模块3 异常/通用组件,BusinessExceptionTest,3,单元
模块3 异常/通用组件,GlobalExceptionHandlerTest,7,单元
模块4 审计,AuditLogServiceImplTest,4,单元
模块4 审计,AuditLogControllerTest,2,MockMvc
模块4 审计,AuditLogResponseJsonTest,2,JSON序列化
模块5 用户管理,UserServiceImplTest,14,单元
模块5 用户管理,UserControllerTest,5,MockMvc
分页修复回归,PaginationIntegrationTest,1,集成(H2)
端到端集成,AuthSecurityIntegrationTest,25,集成(H2)
脚手架,TestControllerTest,1,MockMvc
合计,23个测试类,127,
